region_user,subclass,gene,n_cells,mean_log2_expr,pct_expr,is_orbm_anchor
ORBm,001 CLA-EPd-CTX Car3 Glut,Mas1,377,0.635,11.41,False
ORBm,001 CLA-EPd-CTX Car3 Glut,Gpr68,377,0.2076,3.98,False
ORBm,001 CLA-EPd-CTX Car3 Glut,Mchr1,377,0.4856,9.02,False
ORBm,001 CLA-EPd-CTX Car3 Glut,Chrm1,377,5.8049,85.41,False
ORBm,001 CLA-EPd-CTX Car3 Glut,Grm8,377,5.1732,74.8,False
ORBm,001 CLA-EPd-CTX Car3 Glut,Gpr26,377,2.1937,37.93,False
ORBm,001 CLA-EPd-CTX Car3 Glut,Cckbr,377,0.8481,15.12,False
ORBm,001 CLA-EPd-CTX Car3 Glut,Hcrtr2,377,0.2483,4.51,False
ORBm,001 CLA-EPd-CTX Car3 Glut,Rxfp1,377,8.1288,92.04,False
ORBm,001 CLA-EPd-CTX Car3 Glut,Camk2g,377,7.4911,96.55,False
ORBm,001 CLA-EPd-CTX Car3 Glut,Fxr1,377,4.1818,67.64,False
ORBm,001 CLA-EPd-CTX Car3 Glut,Vps13a,377,7.01,96.02,False
ORBm,002 IT EP-CLA Glut,Mas1,733,2.2994,36.83,False
ORBm,002 IT EP-CLA Glut,Gpr68,733,1.6009,26.47,False
ORBm,002 IT EP-CLA Glut,Mchr1,733,0.5748,10.1,False
ORBm,002 IT EP-CLA Glut,Chrm1,733,6.111,86.9,False
ORBm,002 IT EP-CLA Glut,Grm8,733,8.313,96.45,False
ORBm,002 IT EP-CLA Glut,Gpr26,733,3.5063,54.98,False
ORBm,002 IT EP-CLA Glut,Cckbr,733,4.2214,65.35,False
ORBm,002 IT EP-CLA Glut,Hcrtr2,733,0.0523,0.95,False
ORBm,002 IT EP-CLA Glut,Rxfp1,733,2.0035,28.24,False
ORBm,002 IT EP-CLA Glut,Camk2g,733,5.7272,80.76,False
ORBm,002 IT EP-CLA Glut,Fxr1,733,3.8651,60.85,False
ORBm,002 IT EP-CLA Glut,Vps13a,733,6.7095,91.68,False
ORBm,003 L5/6 IT TPE-ENT Glut,Mas1,711,2.6172,44.59,False
ORBm,003 L5/6 IT TPE-ENT Glut,Gpr68,711,2.321,40.79,False
ORBm,003 L5/6 IT TPE-ENT Glut,Mchr1,711,0.9656,17.58,False
ORBm,003 L5/6 IT TPE-ENT Glut,Chrm1,711,6.4193,91.42,False
ORBm,003 L5/6 IT TPE-ENT Glut,Grm8,711,9.037,99.44,False
ORBm,003 L5/6 IT TPE-ENT Glut,Gpr26,711,4.1373,65.54,False
ORBm,003 L5/6 IT TPE-ENT Glut,Cckbr,711,4.0733,65.54,False
ORBm,003 L5/6 IT TPE-ENT Glut,Hcrtr2,711,0.107,1.83,False
ORBm,003 L5/6 IT TPE-ENT Glut,Rxfp1,711,4.8187,70.04,False
ORBm,003 L5/6 IT TPE-ENT Glut,Camk2g,711,5.1401,78.62,False
ORBm,003 L5/6 IT TPE-ENT Glut,Fxr1,711,4.0365,65.68,False
ORBm,003 L5/6 IT TPE-ENT Glut,Vps13a,711,6.5863,91.56,False
ORBm,004 L6 IT CTX Glut,Mas1,11338,2.02,34.49,True
ORBm,004 L6 IT CTX Glut,Gpr68,11338,2.3272,39.76,True
ORBm,004 L6 IT CTX Glut,Mchr1,11338,0.7126,12.93,True
ORBm,004 L6 IT CTX Glut,Chrm1,11338,6.2799,89.2,True
ORBm,004 L6 IT CTX Glut,Grm8,11338,8.6593,98.7,True
ORBm,004 L6 IT CTX Glut,Gpr26,11338,3.8719,61.47,True
ORBm,004 L6 IT CTX Glut,Cckbr,11338,4.3081,67.02,True
ORBm,004 L6 IT CTX Glut,Hcrtr2,11338,0.0974,1.72,True
ORBm,004 L6 IT CTX Glut,Rxfp1,11338,2.3158,31.65,True
ORBm,004 L6 IT CTX Glut,Camk2g,11338,6.0456,85.63,True
ORBm,004 L6 IT CTX Glut,Fxr1,11338,4.0,64.17,True
ORBm,004 L6 IT CTX Glut,Vps13a,11338,6.6978,91.67,True
ORBm,005 L5 IT CTX Glut,Mas1,4419,1.1189,20.41,True
ORBm,005 L5 IT CTX Glut,Gpr68,4419,1.9446,35.23,True
ORBm,005 L5 IT CTX Glut,Mchr1,4419,0.797,15.21,True
ORBm,005 L5 IT CTX Glut,Chrm1,4419,6.3353,90.97,True
ORBm,005 L5 IT CTX Glut,Grm8,4419,8.0446,94.95,True
ORBm,005 L5 IT CTX Glut,Gpr26,4419,5.1103,78.23,True
ORBm,005 L5 IT CTX Glut,Cckbr,4419,3.2231,54.4,True
ORBm,005 L5 IT CTX Glut,Hcrtr2,4419,0.5393,9.48,True
ORBm,005 L5 IT CTX Glut,Rxfp1,4419,1.963,29.94,True
ORBm,005 L5 IT CTX Glut,Camk2g,4419,6.48,91.11,True
ORBm,005 L5 IT CTX Glut,Fxr1,4419,4.1536,68.11,True
ORBm,005 L5 IT CTX Glut,Vps13a,4419,6.9462,94.7,True
ORBm,006 L4/5 IT CTX Glut,Mas1,14152,0.813,14.71,True
ORBm,006 L4/5 IT CTX Glut,Gpr68,14152,1.724,31.32,True
ORBm,006 L4/5 IT CTX Glut,Mchr1,14152,0.5379,10.25,True
ORBm,006 L4/5 IT CTX Glut,Chrm1,14152,6.4563,91.06,True
ORBm,006 L4/5 IT CTX Glut,Grm8,14152,5.1846,67.33,True
ORBm,006 L4/5 IT CTX Glut,Gpr26,14152,6.003,85.77,True
ORBm,006 L4/5 IT CTX Glut,Cckbr,14152,4.361,68.97,True
ORBm,006 L4/5 IT CTX Glut,Hcrtr2,14152,0.0497,0.93,True
ORBm,006 L4/5 IT CTX Glut,Rxfp1,14152,0.4474,7.44,True
ORBm,006 L4/5 IT CTX Glut,Camk2g,14152,6.4855,90.6,True
ORBm,006 L4/5 IT CTX Glut,Fxr1,14152,3.9813,65.57,True
ORBm,006 L4/5 IT CTX Glut,Vps13a,14152,6.8515,93.54,True
ORBm,007 L2/3 IT CTX Glut,Mas1,8869,1.4178,24.82,True
ORBm,007 L2/3 IT CTX Glut,Gpr68,8869,1.9901,35.29,True
ORBm,007 L2/3 IT CTX Glut,Mchr1,8869,1.0786,20.14,True
ORBm,007 L2/3 IT CTX Glut,Chrm1,8869,6.6784,92.02,True
ORBm,007 L2/3 IT CTX Glut,Grm8,8869,2.8812,43.29,True
ORBm,007 L2/3 IT CTX Glut,Gpr26,8869,4.5706,69.64,True
ORBm,007 L2/3 IT CTX Glut,Cckbr,8869,4.865,73.36,True
ORBm,007 L2/3 IT CTX Glut,Hcrtr2,8869,0.039,0.73,True
ORBm,007 L2/3 IT CTX Glut,Rxfp1,8869,0.2192,3.82,True
ORBm,007 L2/3 IT CTX Glut,Camk2g,8869,5.7844,83.37,True
ORBm,007 L2/3 IT CTX Glut,Fxr1,8869,4.0338,65.29,True
ORBm,007 L2/3 IT CTX Glut,Vps13a,8869,6.9229,93.07,True
ORBm,010 IT AON-TT-DP Glut,Mas1,332,3.2548,51.81,False
ORBm,010 IT AON-TT-DP Glut,Gpr68,332,0.5342,9.94,False
ORBm,010 IT AON-TT-DP Glut,Mchr1,332,1.6201,28.61,False
ORBm,010 IT AON-TT-DP Glut,Chrm1,332,6.1394,86.75,False
ORBm,010 IT AON-TT-DP Glut,Grm8,332,6.7284,85.24,False
ORBm,010 IT AON-TT-DP Glut,Gpr26,332,4.5761,69.88,False
ORBm,010 IT AON-TT-DP Glut,Cckbr,332,2.7311,44.58,False
ORBm,010 IT AON-TT-DP Glut,Hcrtr2,332,0.0681,1.2,False
ORBm,010 IT AON-TT-DP Glut,Rxfp1,332,1.0975,17.47,False
ORBm,010 IT AON-TT-DP Glut,Camk2g,332,3.4663,56.02,False
ORBm,010 IT AON-TT-DP Glut,Fxr1,332,4.313,68.07,False
ORBm,010 IT AON-TT-DP Glut,Vps13a,332,5.9384,84.94,False
ORBm,022 L5 ET CTX Glut,Mas1,3739,2.565,44.77,True
ORBm,022 L5 ET CTX Glut,Gpr68,3739,0.3193,6.15,True
ORBm,022 L5 ET CTX Glut,Mchr1,3739,1.7523,31.99,True
ORBm,022 L5 ET CTX Glut,Chrm1,3739,6.0744,89.44,True
ORBm,022 L5 ET CTX Glut,Grm8,3739,8.2817,98.74,True
ORBm,022 L5 ET CTX Glut,Gpr26,3739,4.058,65.15,True
ORBm,022 L5 ET CTX Glut,Cckbr,3739,4.7844,74.22,True
ORBm,022 L5 ET CTX Glut,Hcrtr2,3739,0.185,3.53,True
ORBm,022 L5 ET CTX Glut,Rxfp1,3739,2.1047,34.07,True
ORBm,022 L5 ET CTX Glut,Camk2g,3739,5.743,83.61,True
ORBm,022 L5 ET CTX Glut,Fxr1,3739,4.7128,75.39,True
ORBm,022 L5 ET CTX Glut,Vps13a,3739,6.1993,89.68,True
ORBm,029 L6b CTX Glut,Mas1,1586,1.6348,27.36,True
ORBm,029 L6b CTX Glut,Gpr68,1586,0.1491,2.65,True
ORBm,029 L6b CTX Glut,Mchr1,1586,1.0568,18.6,True
ORBm,029 L6b CTX Glut,Chrm1,1586,4.8973,74.97,True
ORBm,029 L6b CTX Glut,Grm8,1586,6.4336,81.02,True
ORBm,029 L6b CTX Glut,Gpr26,1586,2.4768,41.17,True
ORBm,029 L6b CTX Glut,Cckbr,1586,4.7873,72.82,True
ORBm,029 L6b CTX Glut,Hcrtr2,1586,2.3053,34.99,True
ORBm,029 L6b CTX Glut,Rxfp1,1586,1.5907,25.85,True
ORBm,029 L6b CTX Glut,Camk2g,1586,6.0553,87.01,True
ORBm,029 L6b CTX Glut,Fxr1,1586,4.0187,64.38,True
ORBm,029 L6b CTX Glut,Vps13a,1586,6.1112,87.45,True
ORBm,030 L6 CT CTX Glut,Mas1,21453,1.0032,17.6,True
ORBm,030 L6 CT CTX Glut,Gpr68,21453,0.652,11.66,True
ORBm,030 L6 CT CTX Glut,Mchr1,21453,0.4309,7.83,True
ORBm,030 L6 CT CTX Glut,Chrm1,21453,5.6541,83.19,True
ORBm,030 L6 CT CTX Glut,Grm8,21453,8.6557,97.61,True
ORBm,030 L6 CT CTX Glut,Gpr26,21453,4.0607,63.58,True
ORBm,030 L6 CT CTX Glut,Cckbr,21453,3.8685,60.85,True
ORBm,030 L6 CT CTX Glut,Hcrtr2,21453,0.7891,12.44,True
ORBm,030 L6 CT CTX Glut,Rxfp1,21453,1.751,27.19,True
ORBm,030 L6 CT CTX Glut,Camk2g,21453,7.0468,93.11,True
ORBm,030 L6 CT CTX Glut,Fxr1,21453,4.0591,64.63,True
ORBm,030 L6 CT CTX Glut,Vps13a,21453,6.7067,91.67,True
ORBm,032 L5 NP CTX Glut,Mas1,3988,0.1003,1.65,True
ORBm,032 L5 NP CTX Glut,Gpr68,3988,0.5699,9.6,True
ORBm,032 L5 NP CTX Glut,Mchr1,3988,0.4379,7.25,True
ORBm,032 L5 NP CTX Glut,Chrm1,3988,3.9273,58.32,True
ORBm,032 L5 NP CTX Glut,Grm8,3988,8.5202,96.59,True
ORBm,032 L5 NP CTX Glut,Gpr26,3988,4.5914,63.99,True
ORBm,032 L5 NP CTX Glut,Cckbr,3988,0.5458,9.03,True
ORBm,032 L5 NP CTX Glut,Hcrtr2,3988,1.8845,28.76,True
ORBm,032 L5 NP CTX Glut,Rxfp1,3988,1.7733,25.33,True
ORBm,032 L5 NP CTX Glut,Camk2g,3988,6.1405,82.3,True
ORBm,032 L5 NP CTX Glut,Fxr1,3988,3.7425,55.82,True
ORBm,032 L5 NP CTX Glut,Vps13a,3988,6.066,81.62,True
ORBm,036 HPF CR Glut,Mas1,78,0.1983,2.56,False
ORBm,036 HPF CR Glut,Gpr68,78,0.0959,1.28,False
ORBm,036 HPF CR Glut,Mchr1,78,0.282,3.85,False
ORBm,036 HPF CR Glut,Chrm1,78,0.0756,1.28,False
ORBm,036 HPF CR Glut,Grm8,78,1.044,12.82,False
ORBm,036 HPF CR Glut,Gpr26,78,0.2798,3.85,False
ORBm,036 HPF CR Glut,Cckbr,78,0.0,0.0,False
ORBm,036 HPF CR Glut,Hcrtr2,78,0.0,0.0,False
ORBm,036 HPF CR Glut,Rxfp1,78,0.0973,1.28,False
ORBm,036 HPF CR Glut,Camk2g,78,3.6078,47.44,False
ORBm,036 HPF CR Glut,Fxr1,78,2.8452,37.18,False
ORBm,036 HPF CR Glut,Vps13a,78,3.4143,44.87,False
ORBm,039 OB Meis2 Thsd7b Gaba,Mas1,51,0.0,0.0,False
ORBm,039 OB Meis2 Thsd7b Gaba,Gpr68,51,0.0,0.0,False
ORBm,039 OB Meis2 Thsd7b Gaba,Mchr1,51,0.164,1.96,False
ORBm,039 OB Meis2 Thsd7b Gaba,Chrm1,51,1.7918,23.53,False
ORBm,039 OB Meis2 Thsd7b Gaba,Grm8,51,4.4062,47.06,False
ORBm,039 OB Meis2 Thsd7b Gaba,Gpr26,51,0.7447,9.8,False
ORBm,039 OB Meis2 Thsd7b Gaba,Cckbr,51,0.0,0.0,False
ORBm,039 OB Meis2 Thsd7b Gaba,Hcrtr2,51,0.0,0.0,False
ORBm,039 OB Meis2 Thsd7b Gaba,Rxfp1,51,0.1412,1.96,False
ORBm,039 OB Meis2 Thsd7b Gaba,Camk2g,51,2.6826,33.33,False
ORBm,039 OB Meis2 Thsd7b Gaba,Fxr1,51,1.5776,19.61,False
ORBm,039 OB Meis2 Thsd7b Gaba,Vps13a,51,1.8464,23.53,False
ORBm,041 OB-in Frmd7 Gaba,Mas1,61,0.0,0.0,False
ORBm,041 OB-in Frmd7 Gaba,Gpr68,61,0.0,0.0,False
ORBm,041 OB-in Frmd7 Gaba,Mchr1,61,0.0,0.0,False
ORBm,041 OB-in Frmd7 Gaba,Chrm1,61,1.5453,19.67,False
ORBm,041 OB-in Frmd7 Gaba,Grm8,61,4.8209,52.46,False
ORBm,041 OB-in Frmd7 Gaba,Gpr26,61,0.2544,3.28,False
ORBm,041 OB-in Frmd7 Gaba,Cckbr,61,1.5737,19.67,False
ORBm,041 OB-in Frmd7 Gaba,Hcrtr2,61,0.0,0.0,False
ORBm,041 OB-in Frmd7 Gaba,Rxfp1,61,0.0,0.0,False
ORBm,041 OB-in Frmd7 Gaba,Camk2g,61,2.6447,32.79,False
ORBm,041 OB-in Frmd7 Gaba,Fxr1,61,1.8626,24.59,False
ORBm,041 OB-in Frmd7 Gaba,Vps13a,61,2.6279,32.79,False
ORBm,042 OB-out Frmd7 Gaba,Mas1,62,0.0,0.0,False
ORBm,042 OB-out Frmd7 Gaba,Gpr68,62,0.1095,1.61,False
ORBm,042 OB-out Frmd7 Gaba,Mchr1,62,0.0,0.0,False
ORBm,042 OB-out Frmd7 Gaba,Chrm1,62,0.4954,6.45,False
ORBm,042 OB-out Frmd7 Gaba,Grm8,62,0.1178,1.61,False
ORBm,042 OB-out Frmd7 Gaba,Gpr26,62,0.3539,4.84,False
ORBm,042 OB-out Frmd7 Gaba,Cckbr,62,0.1204,1.61,False
ORBm,042 OB-out Frmd7 Gaba,Hcrtr2,62,0.2486,3.23,False
ORBm,042 OB-out Frmd7 Gaba,Rxfp1,62,0.0,0.0,False
ORBm,042 OB-out Frmd7 Gaba,Camk2g,62,0.8883,11.29,False
ORBm,042 OB-out Frmd7 Gaba,Fxr1,62,2.7172,33.87,False
ORBm,042 OB-out Frmd7 Gaba,Vps13a,62,1.0012,12.9,False
ORBm,044 OB Dopa-Gaba,Mas1,78,0.0,0.0,False
ORBm,044 OB Dopa-Gaba,Gpr68,78,0.1943,2.56,False
ORBm,044 OB Dopa-Gaba,Mchr1,78,0.2837,3.85,False
ORBm,044 OB Dopa-Gaba,Chrm1,78,0.2851,3.85,False
ORBm,044 OB Dopa-Gaba,Grm8,78,0.3039,3.85,False
ORBm,044 OB Dopa-Gaba,Gpr26,78,0.1648,2.56,False
ORBm,044 OB Dopa-Gaba,Cckbr,78,1.6834,21.79,False
ORBm,044 OB Dopa-Gaba,Hcrtr2,78,0.1039,1.28,False
ORBm,044 OB Dopa-Gaba,Rxfp1,78,0.0,0.0,False
ORBm,044 OB Dopa-Gaba,Camk2g,78,3.1059,38.46,False
ORBm,044 OB Dopa-Gaba,Fxr1,78,2.2859,29.49,False
ORBm,044 OB Dopa-Gaba,Vps13a,78,1.852,24.36,False
ORBm,046 Vip Gaba,Mas1,3277,0.0894,1.37,True
ORBm,046 Vip Gaba,Gpr68,3277,0.7449,11.72,True
ORBm,046 Vip Gaba,Mchr1,3277,0.3542,5.52,True
ORBm,046 Vip Gaba,Chrm1,3277,2.5199,37.08,True
ORBm,046 Vip Gaba,Grm8,3277,6.1139,64.14,True
ORBm,046 Vip Gaba,Gpr26,3277,0.2507,3.97,True
ORBm,046 Vip Gaba,Cckbr,3277,0.1526,2.41,True
ORBm,046 Vip Gaba,Hcrtr2,3277,2.4103,34.12,True
ORBm,046 Vip Gaba,Rxfp1,3277,0.7424,9.83,True
ORBm,046 Vip Gaba,Camk2g,3277,3.7437,53.28,True
ORBm,046 Vip Gaba,Fxr1,3277,3.4049,48.89,True
ORBm,046 Vip Gaba,Vps13a,3277,3.8836,54.56,True
ORBm,047 Sncg Gaba,Mas1,1450,0.0918,1.59,False
ORBm,047 Sncg Gaba,Gpr68,1450,0.4388,8.0,False
ORBm,047 Sncg Gaba,Mchr1,1450,0.8591,15.24,False
ORBm,047 Sncg Gaba,Chrm1,1450,3.0341,48.9,False
ORBm,047 Sncg Gaba,Grm8,1450,1.9002,28.9,False
ORBm,047 Sncg Gaba,Gpr26,1450,0.5619,9.86,False
ORBm,047 Sncg Gaba,Cckbr,1450,0.2785,4.9,False
ORBm,047 Sncg Gaba,Hcrtr2,1450,1.8755,29.31,False
ORBm,047 Sncg Gaba,Rxfp1,1450,2.4701,33.45,False
ORBm,047 Sncg Gaba,Camk2g,1450,4.8877,72.83,False
ORBm,047 Sncg Gaba,Fxr1,1450,4.2342,65.52,False
ORBm,047 Sncg Gaba,Vps13a,1450,4.0717,63.72,False
ORBm,049 Lamp5 Gaba,Mas1,2339,0.1275,2.18,True
ORBm,049 Lamp5 Gaba,Gpr68,2339,0.1549,2.69,True
ORBm,049 Lamp5 Gaba,Mchr1,2339,0.8069,13.42,True
ORBm,049 Lamp5 Gaba,Chrm1,2339,4.018,60.75,True
ORBm,049 Lamp5 Gaba,Grm8,2339,1.3719,20.01,True
ORBm,049 Lamp5 Gaba,Gpr26,2339,0.633,10.86,True
ORBm,049 Lamp5 Gaba,Cckbr,2339,0.2985,5.0,True
ORBm,049 Lamp5 Gaba,Hcrtr2,2339,5.0831,67.29,True
ORBm,049 Lamp5 Gaba,Rxfp1,2339,2.2942,29.12,True
ORBm,049 Lamp5 Gaba,Camk2g,2339,5.3085,75.67,True
ORBm,049 Lamp5 Gaba,Fxr1,2339,4.3615,64.51,True
ORBm,049 Lamp5 Gaba,Vps13a,2339,4.2834,63.32,True
ORBm,050 Lamp5 Lhx6 Gaba,Mas1,176,0.0351,0.57,False
ORBm,050 Lamp5 Lhx6 Gaba,Gpr68,176,0.6163,10.23,False
ORBm,050 Lamp5 Lhx6 Gaba,Mchr1,176,0.8245,13.64,False
ORBm,050 Lamp5 Lhx6 Gaba,Chrm1,176,3.2523,49.43,False
ORBm,050 Lamp5 Lhx6 Gaba,Grm8,176,0.7906,12.5,False
ORBm,050 Lamp5 Lhx6 Gaba,Gpr26,176,0.3383,5.68,False
ORBm,050 Lamp5 Lhx6 Gaba,Cckbr,176,0.0718,1.14,False
ORBm,050 Lamp5 Lhx6 Gaba,Hcrtr2,176,7.0238,84.66,False
ORBm,050 Lamp5 Lhx6 Gaba,Rxfp1,176,0.1729,2.84,False
ORBm,050 Lamp5 Lhx6 Gaba,Camk2g,176,5.4557,76.7,False
ORBm,050 Lamp5 Lhx6 Gaba,Fxr1,176,3.6845,53.98,False
ORBm,050 Lamp5 Lhx6 Gaba,Vps13a,176,3.4257,51.7,False
ORBm,051 Pvalb chandelier Gaba,Mas1,195,0.0976,1.54,False
ORBm,051 Pvalb chandelier Gaba,Gpr68,195,0.8757,15.38,False
ORBm,051 Pvalb chandelier Gaba,Mchr1,195,0.0598,1.03,False
ORBm,051 Pvalb chandelier Gaba,Chrm1,195,3.7144,56.92,False
ORBm,051 Pvalb chandelier Gaba,Grm8,195,0.5048,8.21,False
ORBm,051 Pvalb chandelier Gaba,Gpr26,195,1.8839,29.23,False
ORBm,051 Pvalb chandelier Gaba,Cckbr,195,0.0691,1.03,False
ORBm,051 Pvalb chandelier Gaba,Hcrtr2,195,0.4916,7.69,False
ORBm,051 Pvalb chandelier Gaba,Rxfp1,195,0.0,0.0,False
ORBm,051 Pvalb chandelier Gaba,Camk2g,195,3.8417,57.44,False
ORBm,051 Pvalb chandelier Gaba,Fxr1,195,4.4766,66.15,False
ORBm,051 Pvalb chandelier Gaba,Vps13a,195,3.3255,51.28,False
ORBm,052 Pvalb Gaba,Mas1,2869,0.0681,1.22,True
ORBm,052 Pvalb Gaba,Gpr68,2869,1.6823,29.49,True
ORBm,052 Pvalb Gaba,Mchr1,2869,0.1814,3.38,True
ORBm,052 Pvalb Gaba,Chrm1,2869,2.8826,47.12,True
ORBm,052 Pvalb Gaba,Grm8,2869,1.4739,22.2,True
ORBm,052 Pvalb Gaba,Gpr26,2869,0.8373,14.67,True
ORBm,052 Pvalb Gaba,Cckbr,2869,2.0159,34.58,True
ORBm,052 Pvalb Gaba,Hcrtr2,2869,0.1649,2.72,True
ORBm,052 Pvalb Gaba,Rxfp1,2869,0.3041,5.16,True
ORBm,052 Pvalb Gaba,Camk2g,2869,6.643,88.78,True
ORBm,052 Pvalb Gaba,Fxr1,2869,4.2387,65.56,True
ORBm,052 Pvalb Gaba,Vps13a,2869,4.3374,66.05,True
ORBm,053 Sst Gaba,Mas1,5377,0.0622,1.1,True
ORBm,053 Sst Gaba,Gpr68,5377,0.9432,16.81,True
ORBm,053 Sst Gaba,Mchr1,5377,0.2669,4.85,True
ORBm,053 Sst Gaba,Chrm1,5377,2.768,45.03,True
ORBm,053 Sst Gaba,Grm8,5377,3.6994,47.42,True
ORBm,053 Sst Gaba,Gpr26,5377,1.0144,17.5,True
ORBm,053 Sst Gaba,Cckbr,5377,0.9277,15.96,True
ORBm,053 Sst Gaba,Hcrtr2,5377,0.7502,11.74,True
ORBm,053 Sst Gaba,Rxfp1,5377,0.6383,9.95,True
ORBm,053 Sst Gaba,Camk2g,5377,6.1144,84.08,True
ORBm,053 Sst Gaba,Fxr1,5377,4.4619,67.75,True
ORBm,053 Sst Gaba,Vps13a,5377,5.2835,76.53,True
ORBm,056 Sst Chodl Gaba,Mas1,285,0.0994,1.75,False
ORBm,056 Sst Chodl Gaba,Gpr68,285,0.1711,3.16,False
ORBm,056 Sst Chodl Gaba,Mchr1,285,0.5252,9.47,False
ORBm,056 Sst Chodl Gaba,Chrm1,285,1.4633,25.26,False
ORBm,056 Sst Chodl Gaba,Grm8,285,0.865,14.04,False
ORBm,056 Sst Chodl Gaba,Gpr26,285,1.229,21.05,False
ORBm,056 Sst Chodl Gaba,Cckbr,285,0.2629,4.56,False
ORBm,056 Sst Chodl Gaba,Hcrtr2,285,0.0187,0.35,False
ORBm,056 Sst Chodl Gaba,Rxfp1,285,0.1202,2.11,False
ORBm,056 Sst Chodl Gaba,Camk2g,285,3.9961,62.81,False
ORBm,056 Sst Chodl Gaba,Fxr1,285,4.2261,64.91,False
ORBm,056 Sst Chodl Gaba,Vps13a,285,4.8559,72.63,False
ORBm,061 STR D1 Gaba,Mas1,312,0.4639,7.05,False
ORBm,061 STR D1 Gaba,Gpr68,312,0.1871,2.88,False
ORBm,061 STR D1 Gaba,Mchr1,312,1.6015,23.72,False
ORBm,061 STR D1 Gaba,Chrm1,312,5.0696,69.23,False
ORBm,061 STR D1 Gaba,Grm8,312,0.4218,6.41,False
ORBm,061 STR D1 Gaba,Gpr26,312,0.5604,8.33,False
ORBm,061 STR D1 Gaba,Cckbr,312,0.4624,7.05,False
ORBm,061 STR D1 Gaba,Hcrtr2,312,0.6427,9.29,False
ORBm,061 STR D1 Gaba,Rxfp1,312,0.0953,1.28,False
ORBm,061 STR D1 Gaba,Camk2g,312,1.6505,24.36,False
ORBm,061 STR D1 Gaba,Fxr1,312,3.1886,45.83,False
ORBm,061 STR D1 Gaba,Vps13a,312,4.1278,58.33,False
ORBm,062 STR D2 Gaba,Mas1,355,0.2129,3.1,False
ORBm,062 STR D2 Gaba,Gpr68,355,0.0747,1.13,False
ORBm,062 STR D2 Gaba,Mchr1,355,1.7882,25.63,False
ORBm,062 STR D2 Gaba,Chrm1,355,4.8136,65.35,False
ORBm,062 STR D2 Gaba,Grm8,355,0.478,6.76,False
ORBm,062 STR D2 Gaba,Gpr26,355,0.3648,5.35,False
ORBm,062 STR D2 Gaba,Cckbr,355,0.4334,6.2,False
ORBm,062 STR D2 Gaba,Hcrtr2,355,0.3812,5.35,False
ORBm,062 STR D2 Gaba,Rxfp1,355,0.0555,0.85,False
ORBm,062 STR D2 Gaba,Camk2g,355,1.6291,23.38,False
ORBm,062 STR D2 Gaba,Fxr1,355,2.445,34.65,False
ORBm,062 STR D2 Gaba,Vps13a,355,3.5941,49.58,False
ORBm,063 STR D1 Sema5a Gaba,Mas1,61,0.1313,1.64,False
ORBm,063 STR D1 Sema5a Gaba,Gpr68,61,0.1142,1.64,False
ORBm,063 STR D1 Sema5a Gaba,Mchr1,61,1.5138,21.31,False
ORBm,063 STR D1 Sema5a Gaba,Chrm1,61,4.8957,67.21,False
ORBm,063 STR D1 Sema5a Gaba,Grm8,61,0.2296,3.28,False
ORBm,063 STR D1 Sema5a Gaba,Gpr26,61,2.7935,40.98,False
ORBm,063 STR D1 Sema5a Gaba,Cckbr,61,0.228,3.28,False
ORBm,063 STR D1 Sema5a Gaba,Hcrtr2,61,0.2351,3.28,False
ORBm,063 STR D1 Sema5a Gaba,Rxfp1,61,0.1184,1.64,False
ORBm,063 STR D1 Sema5a Gaba,Camk2g,61,3.0044,42.62,False
ORBm,063 STR D1 Sema5a Gaba,Fxr1,61,3.1331,44.26,False
ORBm,063 STR D1 Sema5a Gaba,Vps13a,61,3.6647,50.82,False
ORBm,064 STR-PAL Chst9 Gaba,Mas1,58,0.1403,1.72,False
ORBm,064 STR-PAL Chst9 Gaba,Gpr68,58,0.1012,1.72,False
ORBm,064 STR-PAL Chst9 Gaba,Mchr1,58,0.2587,3.45,False
ORBm,064 STR-PAL Chst9 Gaba,Chrm1,58,3.8746,50.0,False
ORBm,064 STR-PAL Chst9 Gaba,Grm8,58,9.3021,96.55,False
ORBm,064 STR-PAL Chst9 Gaba,Gpr26,58,1.4252,18.97,False
ORBm,064 STR-PAL Chst9 Gaba,Cckbr,58,1.1237,15.52,False
ORBm,064 STR-PAL Chst9 Gaba,Hcrtr2,58,0.1298,1.72,False
ORBm,064 STR-PAL Chst9 Gaba,Rxfp1,58,0.2684,3.45,False
ORBm,064 STR-PAL Chst9 Gaba,Camk2g,58,2.8582,37.93,False
ORBm,064 STR-PAL Chst9 Gaba,Fxr1,58,2.3897,31.03,False
ORBm,064 STR-PAL Chst9 Gaba,Vps13a,58,3.395,43.1,False
ORBm,319 Astro-TE NN,Mas1,6109,0.0489,0.72,False
ORBm,319 Astro-TE NN,Gpr68,6109,0.1343,1.98,False
ORBm,319 Astro-TE NN,Mchr1,6109,0.0178,0.25,False
ORBm,319 Astro-TE NN,Chrm1,6109,0.3642,5.24,False
ORBm,319 Astro-TE NN,Grm8,6109,0.4278,6.12,False
ORBm,319 Astro-TE NN,Gpr26,6109,0.281,4.03,False
ORBm,319 Astro-TE NN,Cckbr,6109,0.1613,2.34,False
ORBm,319 Astro-TE NN,Hcrtr2,6109,0.0271,0.39,False
ORBm,319 Astro-TE NN,Rxfp1,6109,0.0961,1.38,False
ORBm,319 Astro-TE NN,Camk2g,6109,7.1553,85.17,False
ORBm,319 Astro-TE NN,Fxr1,6109,3.2659,44.74,False
ORBm,319 Astro-TE NN,Vps13a,6109,3.2155,43.59,False
ORBm,326 OPC NN,Mas1,2242,0.0446,0.67,False
ORBm,326 OPC NN,Gpr68,2242,0.0602,0.89,False
ORBm,326 OPC NN,Mchr1,2242,0.0545,0.8,False
ORBm,326 OPC NN,Chrm1,2242,1.1118,16.32,False
ORBm,326 OPC NN,Grm8,2242,1.2578,16.82,False
ORBm,326 OPC NN,Gpr26,2242,0.5264,7.89,False
ORBm,326 OPC NN,Cckbr,2242,0.1619,2.41,False
ORBm,326 OPC NN,Hcrtr2,2242,0.0277,0.4,False
ORBm,326 OPC NN,Rxfp1,2242,0.0779,1.2,False
ORBm,326 OPC NN,Camk2g,2242,2.8964,41.08,False
ORBm,326 OPC NN,Fxr1,2242,3.6596,51.2,False
ORBm,326 OPC NN,Vps13a,2242,4.3233,58.61,False
ORBm,327 Oligo NN,Mas1,2824,0.0582,0.85,False
ORBm,327 Oligo NN,Gpr68,2824,0.0407,0.6,False
ORBm,327 Oligo NN,Mchr1,2824,0.0279,0.42,False
ORBm,327 Oligo NN,Chrm1,2824,0.3317,4.92,False
ORBm,327 Oligo NN,Grm8,2824,0.6129,8.89,False
ORBm,327 Oligo NN,Gpr26,2824,0.2678,4.0,False
ORBm,327 Oligo NN,Cckbr,2824,0.1812,2.69,False
ORBm,327 Oligo NN,Hcrtr2,2824,0.0206,0.32,False
ORBm,327 Oligo NN,Rxfp1,2824,0.111,1.66,False
ORBm,327 Oligo NN,Camk2g,2824,1.2965,18.94,False
ORBm,327 Oligo NN,Fxr1,2824,4.4238,60.27,False
ORBm,327 Oligo NN,Vps13a,2824,2.5513,35.94,False
ORBm,330 VLMC NN,Mas1,128,0.0,0.0,False
ORBm,330 VLMC NN,Gpr68,128,0.0582,0.78,False
ORBm,330 VLMC NN,Mchr1,128,0.0,0.0,False
ORBm,330 VLMC NN,Chrm1,128,0.721,10.16,False
ORBm,330 VLMC NN,Grm8,128,0.6497,9.38,False
ORBm,330 VLMC NN,Gpr26,128,0.3376,4.69,False
ORBm,330 VLMC NN,Cckbr,128,0.0563,0.78,False
ORBm,330 VLMC NN,Hcrtr2,128,0.0,0.0,False
ORBm,330 VLMC NN,Rxfp1,128,0.1073,1.56,False
ORBm,330 VLMC NN,Camk2g,128,2.2906,31.25,False
ORBm,330 VLMC NN,Fxr1,128,2.4327,33.59,False
ORBm,330 VLMC NN,Vps13a,128,4.2121,53.91,False
ORBm,331 Peri NN,Mas1,459,0.0678,0.87,False
ORBm,331 Peri NN,Gpr68,459,0.0,0.0,False
ORBm,331 Peri NN,Mchr1,459,0.0334,0.44,False
ORBm,331 Peri NN,Chrm1,459,0.3825,4.79,False
ORBm,331 Peri NN,Grm8,459,0.5445,6.75,False
ORBm,331 Peri NN,Gpr26,459,0.1367,1.74,False
ORBm,331 Peri NN,Cckbr,459,0.1693,2.18,False
ORBm,331 Peri NN,Hcrtr2,459,0.0,0.0,False
ORBm,331 Peri NN,Rxfp1,459,0.048,0.65,False
ORBm,331 Peri NN,Camk2g,459,2.232,27.45,False
ORBm,331 Peri NN,Fxr1,459,2.5518,31.37,False
ORBm,331 Peri NN,Vps13a,459,2.6544,32.24,False
ORBm,332 SMC NN,Mas1,253,0.238,3.16,False
ORBm,332 SMC NN,Gpr68,253,0.0593,0.79,False
ORBm,332 SMC NN,Mchr1,253,0.0,0.0,False
ORBm,332 SMC NN,Chrm1,253,0.4682,6.32,False
ORBm,332 SMC NN,Grm8,253,0.3495,4.74,False
ORBm,332 SMC NN,Gpr26,253,0.2399,3.16,False
ORBm,332 SMC NN,Cckbr,253,0.16,1.98,False
ORBm,332 SMC NN,Hcrtr2,253,0.0,0.0,False
ORBm,332 SMC NN,Rxfp1,253,0.0681,0.79,False
ORBm,332 SMC NN,Camk2g,253,7.3731,83.4,False
ORBm,332 SMC NN,Fxr1,253,3.0093,39.53,False
ORBm,332 SMC NN,Vps13a,253,2.7866,35.57,False
ORBm,333 Endo NN,Mas1,1905,0.0545,0.79,False
ORBm,333 Endo NN,Gpr68,1905,0.0345,0.52,False
ORBm,333 Endo NN,Mchr1,1905,0.034,0.47,False
ORBm,333 Endo NN,Chrm1,1905,0.4028,5.51,False
ORBm,333 Endo NN,Grm8,1905,0.4121,5.77,False
ORBm,333 Endo NN,Gpr26,1905,0.3341,4.57,False
ORBm,333 Endo NN,Cckbr,1905,0.1788,2.47,False
ORBm,333 Endo NN,Hcrtr2,1905,0.0137,0.21,False
ORBm,333 Endo NN,Rxfp1,1905,0.1149,1.57,False
ORBm,333 Endo NN,Camk2g,1905,2.0039,27.3,False
ORBm,333 Endo NN,Fxr1,1905,3.4125,45.2,False
ORBm,333 Endo NN,Vps13a,1905,4.0726,51.5,False
ORBm,334 Microglia NN,Mas1,3144,0.0456,0.6,False
ORBm,334 Microglia NN,Gpr68,3144,0.16,2.16,False
ORBm,334 Microglia NN,Mchr1,3144,0.026,0.35,False
ORBm,334 Microglia NN,Chrm1,3144,0.3514,4.74,False
ORBm,334 Microglia NN,Grm8,3144,0.3986,5.28,False
ORBm,334 Microglia NN,Gpr26,3144,0.284,3.82,False
ORBm,334 Microglia NN,Cckbr,3144,0.1956,2.64,False
ORBm,334 Microglia NN,Hcrtr2,3144,0.025,0.32,False
ORBm,334 Microglia NN,Rxfp1,3144,0.2175,2.83,False
ORBm,334 Microglia NN,Camk2g,3144,1.9588,25.45,False
ORBm,334 Microglia NN,Fxr1,3144,2.5416,32.86,False
ORBm,334 Microglia NN,Vps13a,3144,2.1396,27.42,False
ORBm,335 BAM NN,Mas1,134,0.0,0.0,False
ORBm,335 BAM NN,Gpr68,134,0.1057,1.49,False
ORBm,335 BAM NN,Mchr1,134,0.0,0.0,False
ORBm,335 BAM NN,Chrm1,134,0.446,5.97,False
ORBm,335 BAM NN,Grm8,134,0.2522,3.73,False
ORBm,335 BAM NN,Gpr26,134,0.3397,4.48,False
ORBm,335 BAM NN,Cckbr,134,0.1035,1.49,False
ORBm,335 BAM NN,Hcrtr2,134,0.0,0.0,False
ORBm,335 BAM NN,Rxfp1,134,0.1037,1.49,False
ORBm,335 BAM NN,Camk2g,134,2.0298,28.36,False
ORBm,335 BAM NN,Fxr1,134,4.06,52.99,False
ORBm,335 BAM NN,Vps13a,134,3.4073,44.78,False
